#product, colo
N225, JPX
MN, JPX
N225W, JPX
JGB, JPX
TOPIX, JPX
TOPIXMINI, JPX
JP400, JPX
BHP_AU, ALC
RMD_AU, ALC
WBC_AU, ALC
JHG_AU, ALC
BN, ALC
BQ, ALC
BS, ALC
BV, ALC
DN, ALC
DQ, ALC
DS, ALC
DV, ALC
EN, ALC
EQ, ALC
ES, ALC, ASX
EV, ALC
EX, ALC
EY, ALC
GJ, ALC
GK, ALC
GN, ALC
GQ, ALC
GS, ALC
GV, ALC
HN, ALC
HQ, ALC
HS, ALC
HV, ALC
PN, ALC
PQ, ALC
PS, ALC
PV, ALC
RN, ALC
RQ, ALC
RS, ALC
RV, ALC
AM, ALC
AP, ALC
IB, ALC
IR, ALC
XO, ALC
XT, ALC
YO, ALC
YT, ALC
AAC, ALC
ABY, ALC
ACN, ALC
AEE, ALC
AGL, ALC
AGLN, ALC
AGLRA, ALC
AGO, ALC
AIO, ALC
AIX, ALC
AJM, ALC
AMC, ALC
AMP, ALC
ANN, ALC
ANZ, ALC
APK, ALC
AQG, ALC
AQP, ALC
AQPR, ALC
AQR, ALC
ARI, ALC
ARIR, ALC
ASX, ALC
AVQ, ALC
AWC, ALC
AWE, ALC
AXA, ALC
AZG, ALC
BBG, ALC
BBGR, ALC
BCI, ALC
BCIR, ALC
BCL, ALC
BDR, ALC
BHP, ALC
BLD, ALC
BLY, ALC
BOQ, ALC
BSL, ALC
BSLR, ALC
BXB, ALC
CBA, ALC
CBAR, ALC
CCL, ALC
CEY, ALC
CFX, ALC
CGF, ALC
CGH, ALC
CHC, ALC
CLR, ALC
COH, ALC
COK, ALC
CPU, ALC
CSL, ALC
CSR, ALC
CTX, ALC
CWN, ALC
CYB, ALC
DJS, ALC
DOM, ALC
DRM, ALC
DTM, ALC
DXS, ALC
EEG, ALC
EGP, ALC
ELD, ALC
ERA, ALC
EXS, ALC
FGL, ALC
FLT, ALC
FMG, ALC
FXJ, ALC
GBG, ALC
GCL, ALC
GGG, ALC
GMG, ALC
GNC, ALC
GNS, ALC
GPT, ALC
GWT, ALC
HCH, ALC
HGG, ALC
HIL, ALC
HVN, ALC
IAG, ALC
IAU, ALC
IFL, ALC
IFN, ALC
ILU, ALC
IPL, ALC
IRN, ALC
JBH, ALC
JHX, ALC
KAR, ALC
KCN, ALC
KOR, ALC
LEI, ALC
LEP, ALC
LLC, ALC
LNN, ALC
LYC, ALC
MAP, ALC
MBN, ALC
MCC, ALC
MDL, ALC
MGR, ALC
MIN, ALC
MQA, ALC
MQG, ALC
MRE, ALC
MTS, ALC
MYR, ALC
NAB, ALC
NABR, ALC
NCM, ALC
NCMN, ALC
NWS, ALC
NWSLV, ALC
OGC, ALC
ORG, ALC
ORGR, ALC
ORI, ALC
OSH, ALC
OST, ALC
OZL, ALC
PDN, ALC
PEK, ALC
PGA, ALC
PMV, ALC
POS, ALC
PPX, ALC
PRU, ALC
PRY, ALC
QAN, ALC
QBE, ALC
QRN, ALC
RAI, ALC
RCI, ALC
RES, ALC
RHC, ALC
RIO, ALC
RMD, ALC
RRI, ALC
RSG, ALC
S32, ALC
SBM, ALC
SCP, ALC
SDL, ALC
SEK, ALC
SGM, ALC
SGP, ALC
SHL, ALC
SLM, ALC
STO, ALC
STOR, ALC
STW, ALC
SUN, ALC
SWM, ALC
SYD, ALC
SYP, ALC
TAH, ALC
TAP, ALC
TCL, ALC
TEL, ALC
TEN, ALC
TLS, ALC
TO2, ALC
TOL, ALC
TTS, ALC
TWE, ALC
UGL, ALC
UNS, ALC
VAH, ALC
VBA, ALC
VGO, ALC
VKA, ALC
WBC, ALC
WBCN, ALC
WBCR, ALC
WDC, ALC
WDCDA, ALC
WES, ALC
WESN, ALC
WHC, ALC
WOR, ALC
WOW, ALC
WPL, ALC
WPLR, ALC
WRT, ALC
WTF, ALC
XJO, ALC
XPJ, ALC
1MF, DGH
CN, DGH
3MF, DGH
A50, DGH
ACF, DGH
BZF, DGH
BZNF, DGH
CCF, DGH
CIF, DGH
CVF, DGH
CWF, DGH
DLNF, DGH
EE, DGH
EF, DGH
FB, DGH
FEF, DGH
GD_01, DGH
GD_02, DGH
GD_03, DGH
GD_04, DGH
GD_05, DGH
GD_06, DGH
GD_07, DGH
GD_08, DGH
GD_09, DGH
GD_10, DGH
GD_11, DGH
GD_12, DGH
GD_13, DGH
GD_14, DGH
GD_15, DGH
GD_16, DGH
GD_17, DGH
GD_18, DGH
GD_19, DGH
GD_20, DGH
GD_21, DGH
GD_22, DGH
GD_23, DGH
GD_24, DGH
GD_25, DGH
GD_26, DGH
GD_27, DGH
GD_28, DGH
GD_29, DGH
GD_30, DGH
GD_31, DGH
GOF, DGH
LNF, DGH
MEGF, DGH
NJF, DGH
NK, DGH
NLNF, DGH
NS, DGH
PECF, DGH
PESF, DGH
PPCF, DGH
PPSF, DGH
PXF, DGH
PXNF, DGH
RT, DGH
SMCF, DGH
TF, DGH
VCF, DGH
HSI, TKO
HHI, TKO
MHI, TKO
MCH, TKO
A_DL, OFF_SYD
AG_SH, OFF_SYD
AL_SH, OFF_SYD
AU_SH, OFF_SYD
BB_DL, OFF_SYD
B_DL, OFF_SYD
BU_SH, OFF_SYD
C_DL, OFF_SYD
CU_SH, OFF_SYD
FB_DL, OFF_SYD
FU_SH, OFF_SYD
I_DL, OFF_SYD
JD_DL, OFF_SYD
J_DL, OFF_SYD
JM_DL, OFF_SYD
L_DL, OFF_SYD
M_DL, OFF_SYD
PB_SH, OFF_SYD
P_DL, OFF_SYD
PP_DL, OFF_SYD
RB_SH, OFF_SYD
RU_SH, OFF_SYD
V_DL, OFF_SYD
WR_SH, OFF_SYD
Y_DL, OFF_SYD
ZN_SH, OFF_SYD
IH, SHA
IC, SHA
IF, SHA
T_CN, SHA
LE, AUR
OZS, AUR
WEO, AUR
WEU, AUR
ZC, AUR
ZL, AUR
ZM, AUR
ZS, AUR
ZW, AUR
CL, AUR
QM, AUR
BTC, AUR
HO, AUR
RB, AUR
NG, AUR
6A, AUR
6B, AUR
6C, AUR
6E, AUR
6J, AUR
6M, AUR
6N, AUR
6S, AUR
ADU, AUR
CAU, AUR
CHU, AUR
ES, AUR, CME
EUU, AUR
GBU, AUR
JPU, AUR
NIY, AUR
NKD, AUR
NQ, AUR
YM, AUR
GC, AUR
HG, AUR
SI, AUR
UB, AUR
ZB, AUR
ZF, AUR
ZN, AUR
ZNW, AUR
ZT, AUR
AUDSGD, LDN
AUDUSD, LDN
EURAUD, LDN
EURBRL, LDN
EURCHF, LDN
EURGBP, LDN
EURHKD, LDN
EURINR, LDN
EURJPY, LDN
EURSGD, LDN
EURUSD, LDN
GBPAUD, LDN
GBPCHF, LDN
GBPHKD, LDN
GBPNOK, LDN
GBPUSD, LDN
THDUSD, LDN
USDBRL, LDN
USDCAD, LDN
USDCHF, LDN
USDCNY, LDN
USDHKD, LDN
USDIDR, LDN
USDINR, LDN
USDJPY, LDN
USDMXN, LDN
USDRUB, LDN
USDSGD, LDN
USDTHB, LDN
USDTRY, LDN
USDZAR, LDN
CONF, FR2
FBON, FR2
FBTM, FR2
FBTP, FR2
FBTS, FR2
FDAX, FR2
FDXM, FR2
FES1, FR2
FESB, FR2
FESX, FR2
FEU3, FR2
FEXD, FR2
FGBL, FR2
FGBM, FR2
FGBS, FR2
FGBX, FR2
FMK2, FR2
FOAM, FR2
FOAT, FR2
FSMI, FR2
FVS, FR2
FXXP, FR2
OBTP, FR2
ODAX, FR2
OEM1, FR2
OEM2, FR2
OEM3, FR2
OEM4, FR2
OESB, FR2
OESW, FR2
OESX, FR2
OEU3, FR2
OGBL, FR2
OGBM, FR2
OGBS, FR2
OGBW, FR2
OKS2, FR2
OOAM, FR2
OOAT, FR2
OSMI, FR2
FTSE, INT
FTSET, INT
LIFFELI, INT
LIFFELIT, INT
LIFFELK, INT
LIFFELK2, INT
LIFFELK3, INT
LIFFELK4, INT
LIFFELL, INT
LIFFELLT, INT
LIFFELM, INT
LIFFELM2, INT
LIFFELM3, INT
LIFFELM4, INT
LIFFELR, INT
LIFFELRT, INT
XZ, INT
YZ, INT
ALR_US, FR2
BGC_US, FR2
BHP_US, FR2
CACI_US, FR2
CBI_US, FR2
CCC_US, FR2
CCL_US, FR2
CHL_US, FR2
COL_US, FR2
CSRA_US, FR2
CUK_US, FR2
DST_US, FR2
DVMT_US, FR2
EIDO_NY, FR2
EIDO_US, FR2
EPHE_NY, FR2
EPHE_US, FR2
EQT_US, FR2
EURN_US, FR2
EWH_NY, FR2
EWH_US, FR2
EWJ_NY, FR2
EWJ_US, FR2
EWM_NY, FR2
EWM_US, FR2
EWS_NY, FR2
EWS_US, FR2
EWT_NY, FR2
EWT_US, FR2
EWY_NY, FR2
EWY_US, FR2
FIG_US, FR2
FXI_NY, FR2
FXI_US, FR2
GNRT_US, FR2
GNW_US, FR2
HSBC_US, FR2
INDA_NY, FR2
INDA_US, FR2
JHG_US, FR2
LENB_US, FR2
LEN_US, FR2
LGFA_US, FR2
LGFB_US, FR2
MDR_US, FR2
MON_US, FR2
OA_US, FR2
PAY_US, FR2
PTR_US, FR2
PX_US, FR2
RGC_US, FR2
RICE_US, FR2
ROK_US, FR2
SOGO_US, FR2
THD_NY, FR2
THD_US, FR2
T_US, FR2
TWX_US, FR2
UAA_US, FR2
UA_US, FR2
UTX_US, FR2
VMW_US, FR2
VNTV_US, FR2
VR_US, FR2
WBK_US, FR2
XL_US, FR2
ABE_SM, FR2
AXIA_SM, FR2
BBVAGS, FR2
DIAGS, FR2
IBEGS, FR2
ITXGS, FR2
NHH_SM, FR2
PRS_SM, FR2
REPGS, FR2
SANGS, FR2
SAY_SM, FR2
TEFGS, FR2
2181, INT
2413, INT
3092, INT
3230, INT
3436, INT
3765, INT
3912, INT
4093, INT
4248, INT
4323, INT
6184, INT
6196, INT
6200, INT
6258, INT
6289, INT
6702, INT
8079, INT
8725, INT
9024, INT
9322, INT
9386, INT
ABLX_BB, INT
ALD_LN, INT
ALT_FP, INT
ATC_NA, INT
ATCOA_SS, INT
ATCOB_SS, INT
BOK_LN, INT
BWO_AV, INT
BZU_IM, INT
BZUR_IM, INT
CAI_AV, INT
CCL_LN, INT
CDI_FP, INT
CINE_LN, INT
EURN_BB, INT
FDSA_LN, INT
FENR_LN, INT
GKN_LN, INT
HEIA_NA, INT
HEIO_NA, INT
IIA_AV, INT
INDUA_SS, INT
INDUC_SS, INT
INF_LN, INT
INVEA_SS, INT
INVEB_SS, INT
ISPR_IM, INT
LISN_SW, INT
LISP_SW, INT
LRD_LN, INT
LUNDB_SS, INT
LUX_IM, INT
MRO_LN, INT
NDX_SS, INT
NETS_DC, INT
NRX_FP, INT
NXG_LN, INT
PAYS_LN, INT
RFRG_NA, INT
RO_SW, INT
RYA_LN, INT
SCHA_NO, INT
SCHB_NO, INT
SCHN_SW, INT
SCHP_VX, INT
SKG_LN, INT
SKY_LN, INT
SSABA_SS, INT
SSABB_SS, INT
TDC_DC, INT
TIG_BB, INT
TIT_IM, INT
TSCO_LN, INT
UBM_LN, INT
UHRN_SW, INT
UHR_VX, INT
VOLVA_SS, INT
VOLVB_SS, INT
WPG_LN, INT
YNAP_IM, INT
FIB, FR2
MIBO, FR2
ABBNGS, FR2
ABIGS, FR2
ACAGS, FR2
ADENGS, FR2
ADSGS, FR2
AGSGS, FR2
AHOGS, FR2
AIGS, FR2
AIR_FP, FR2
AIRGS, FR2
AIXAGS, FR2
ALBK_ID, FR2
ALOGS, FR2
ALUGS, FR2
ALVGS, FR2
AMUN_FP, FR2
ARRBGS, FR2
ASGGS, FR2
ATCB_NA, FR2
ATLGS, FR2
AXAGS, FR2
BASGS, FR2
BAYNGS, FR2
BBVAXGS, FR2
BEIGS, FR2
BIM_FP, FR2
BMEDGS, FR2
BMW3_GY, FR2
BMWGS, FR2
BNGS, FR2
BNPGS, FR2
BNPXGS, FR2
BSD2GS, FR2
BSNGS, FR2
CAGS, FR2
CARGS, FR2
CBKGS, FR2
CGEGS, FR2
CGG_HK, FR2
CHL_HK, FR2
CLN_VX, FR2
CLS1GS, FR2
CONGS, FR2
CPR_IM, FR2
CRIHGS, FR2
CSGNGS, FR2
CSGS, FR2
CSXGS, FR2
DAIGS, FR2
DB11GS, FR2
DB1GS, FR2
DBKGS, FR2
DC_LN, FR2
DGGS, FR2
DPWGS, FR2
DRI_GY, FR2
DTEGS, FR2
DXBGS, FR2
EIGS, FR2
ENELGS, FR2
ENGS, FR2
ENIGS, FR2
ENIXGS, FR2
ENLGS, FR2
EOANGS, FR2
EO_FP, FR2
FMEGS, FR2
FNTNGS, FR2
FPGS, FR2
FRAGS, FR2
FREGS, FR2
FTEGS, FR2
FTEXGS, FR2
G1AGS, FR2
GAZGS, FR2
GBFGS, FR2
GENGS, FR2
GGSGS, FR2
GLEGS, FR2
GOBGS, FR2
GTO_NA, FR2
GXIGS, FR2
GZFGS, FR2
HEIGS, FR2
HEN3GS, FR2
HEN_GY, FR2
HIK_LN, FR2
HNR1GS, FR2
HSBA_LN, FR2
HSBC_HK, FR2
IFXGS, FR2
INGAGS, FR2
INNGS, FR2
INTU_LN, FR2
ISAT_LN, FR2
ISPAGS, FR2
ISPGS, FR2
ITKGS, FR2
KCOGS, FR2
LHAGS, FR2
LINGS, FR2
LINU_GY, FR2
LORGS, FR2
LXSGS, FR2
MBGS, FR2
MCGS, FR2
MEDGS, FR2
MEOGS, FR2
MLGS, FR2
MLPGS, FR2
MOHGS, FR2
MRKGS, FR2
MTGS, FR2
MTXGS, FR2
MUV2GS, FR2
NESNGS, FR2
NESRGS, FR2
NOA3GS, FR2
NOVNGS, FR2
ORGS, FR2
PFG_LN, FR2
PHI1GS, FR2
PHIAGS, FR2
PPGS, FR2
PPXGS, FR2
PRYGS, FR2
PTR_HK, FR2
PUBGS, FR2
QIAGS, FR2
RCF_FP, FR2
REPXGS, FR2
RHKGS, FR2
RNLGS, FR2
RNOGS, FR2
ROGGS, FR2
RWE3_GY, FR2
RWEGS, FR2
SAFGS, FR2
SAPGS, FR2
SAZGS, FR2
SDFGS, FR2
SEVGS, FR2
SGEGS, FR2
SGLGS, FR2
SGOGS, FR2
SIEGS, FR2
SNDGS, FR2
SNWGS, FR2
SNWXGS, FR2
SPM_IM, FR2
SQUGS, FR2
STAN_HK, FR2
STAN_LN, FR2
STMGS, FR2
SUGS, FR2
SWGS, FR2
SWVGS, FR2
SY1GS, FR2
SYNNGS, FR2
SZGGS, FR2
SZUGS, FR2
TATE_LN, FR2
TCEHY_HK, FR2
TEMN_SW, FR2
TITRGS, FR2
TKAGS, FR2
TNE5GS, FR2
TOTBGS, FR2
TUI1GS, FR2
UBI_FP, FR2
UBSGGS, FR2
UCGS, FR2
UNAGS, FR2
UNI3GS, FR2
UNPGS, FR2
UTDIGS, FR2
VIVGS, FR2
VNAGS, FR2
VOW3GS, FR2
VOWGS, FR2
VVUGS, FR2
WDI_GY, FR2
WINAGS, FR2
WINGS, FR2
XCAGS, FR2
ZC_FP, FR2
ZURNGS, FR2
AKRX_US, FR2
AVXS_US, FR2
BIVV_US, FR2
BSFT_US, FR2
CALD_US, FR2
CAVM_US, FR2
CENTA_US, FR2
CENT_US, FR2
CHUBA_US, FR2
CME_US, FR2
CPLA_US, FR2
DISCA_US, FR2
DISCK_US, FR2
FOXA_US, FR2
FOX_US, FR2
FWONA_US, FR2
FWONK_US, FR2
GOOGL_US, FR2
GOOG_US, FR2
HAWK_US, FR2
JUNO_US, FR2
LBRDA_US, FR2
LBRDK_US, FR2
LBTYA_US, FR2
LBTYK_US, FR2
LSXMA_US, FR2
MRVL_US, FR2
MSCC_US, FR2
NWSA_US, FR2
NWS_US, FR2
NXPI_US, FR2
NXTM_US, FR2
QCOM_US, FR2
QVCA_US, FR2
RXDX_US, FR2
RYAAY_US, FR2
SIRI_US, FR2
SOHU_US, FR2
STRA_US, FR2
TIG_US, FR2
XCRA_US, FR2
